Protein1,Protein2,AbsPos1,AbsPos2,score
Nsp1,Nup159,724,1417,1
Nup159,Nup159,114,422,1
Nup159,Nup159,418,422,1
Nsp1,Nup82,719,608,1
Nup82,Nsp1,526,599,1
Nsp1,Nup159,815,1372,1
Nsp1,Nup159,815,1387,1
Nup159,Nup159,416,422,1
Nsp1,Nup159,816,1308,1
Nup159,Nup159,409,113,1
Nsp1,Nup159,788,1387,1
Nsp1,Nup82,607,415,1
Nup159,Nup159,808,830,1
Nup159,Nup159,1417,1438,1
Nup82,Nup159,707,1387,1
Nup159,Nup159,409,111,1
Nup159,Nup82,1377,685,1
Nup82,Nsp1,522,613,1
Nsp1,Nup82,724,617,1
Nup82,Nup82,569,471,1
Nup82,Nup82,455,415,1
Nup159,Nup159,807,830,1
Nup82,Nup159,455,1308,1
Nsp1,Nsp1,357,371,1
Nsp1,Nup82,585,415,1
Nsp1,Nup159,788,1417,1
Nup116,Nup116,833,863,1
Nsp1,Nup82,787,671,1
Nsp1,Nup159,816,1378,1
Nup159,Nup159,477,526,1
Nup159,Nup159,507,314,1
Nup116,Nup116,833,856,1
Nsp1,Nup82,701,587,1
Nup159,Nsp1,1384,808,1
Nup116,Nup116,834,856,1
Nup159,Nup159,1308,1417,1
Nsp1,Nup82,809,269,1
Nup159,Nup159,1429,1438,1
Nsp1,Nup82,724,608,1
Nsp1,Nup82,607,416,1
Nsp1,Nup82,613,415,1
Nup82,Nup82,573,471,1
Nsp1,Nup82,815,269,1
Nup159,Nsp1,1417,808,1
Nup159,Nup159,978,950,1
Nup159,Nup159,1429,1422,1
Nsp1,Nup159,599,1192,1
Nup82,Nsp1,487,613,1
Nsp1,Nup159,623,1192,1
Nup159,Nup159,851,892,1
Nsp1,Nup159,808,1387,1
Nup159,Nup159,960,992,1
Nup82,Nsp1,526,585,1
Nup82,Nsp1,674,808,1
Nup82,Nup82,569,475,1
Nup159,Nup159,950,918,1
Nsp1,Nup159,809,1387,1
Nsp1,Nup82,787,685,1
Nup159,Nup82,1378,269,1
Nup159,Nup82,1429,261,1
Nup159,Nsp1,1417,809,1
Nsp1,Nup82,719,617,1
Nup159,Nup159,1134,1191,1
Nup159,Nup159,1417,1422,1
Nsp1,Nsp1,387,370,1
Nup116,Nup116,834,798,1
Nsp1,Nup159,607,1192,1
Nup159,Nup159,950,902,1
Nsp1,Nup82,783,674,1
Nsp1,Nsp1,809,822,1
Nsp1,Nup82,706,269,1
Nup159,Nup82,1422,269,1
Nup82,Nup82,541,471,1
Nsp1,Nup82,687,573,1
Nup159,Nup159,810,840,1
Nup159,Nup159,1417,1413,1
Nup82,Nsp1,541,601,1
Nup159,Nup82,1387,690,1
Nup82,Nsp1,569,601,1
Nup159,Nup159,893,829,1
Nsp1,Nup159,783,1387,1
Nsp1,Nsp1,585,595,1
Nup82,Nsp1,462,585,1
Nup159,Nup159,908,892,1
Nup159,Nup159,892,849,1
Nup159,Nup159,1308,1343,1
Nup159,Nup159,158,192,1
Nsp1,Nup159,787,1384,1
Nup82,Nsp1,555,613,1
Nup82,Nup159,674,1377,1
Nup159,Nup159,954,992,1
Nup159,Nsp1,1417,815,1
Nup159,Nup159,729,754,1
Nsp1,Nup159,787,1414,1
Nsp1,Nup159,788,1397,1
Nsp1,Nsp1,503,504,1
Nup159,Nup159,1020,1025,1
Nup159,Nup159,502,516,1
Nsp1,Nsp1,209,300,1
Nup159,Nup82,1151,597,1
Nup159,Nup159,507,521,1
Nsp1,Nsp1,209,195,1
Nup159,Nup159,806,830,1
Nsp1,Nsp1,607,616,1
Nsp1,Nsp1,319,331,1
Nsp1,Nsp1,354,346,1
Nup116,Nup116,833,810,1
Nup159,Nup159,1414,1413,1
Nup82,Nup82,685,668,1
Nup116,Nup116,895,902,1
Nup159,Nup159,954,918,1
Nsp1,Nsp1,577,599,1
Nup159,Nup159,893,902,1
Nup82,Nup159,654,1387,1
Nsp1,Nup82,740,690,1
Nup159,Nup159,1438,1432,1
Nsp1,Nsp1,585,638,1
Nsp1,Nup159,787,1432,1
Nsp1,Nup159,789,1400,1
Nup159,Nup159,1249,1134,1
Nsp1,Nsp1,485,369,1
Nup159,Nup159,810,829,1
Nup159,Nup159,1422,1432,1
Nsp1,Nup82,740,679,1
Nup82,Nup82,573,475,1
Nsp1,Nsp1,357,349,1